z,n,bindingEnergy(keV)
1,0,0
3,0,-2267
1,1,1112.2831
2,1,2572.68044
3,1,1153.7603
4,1,18
5,1,-467
1,2,2827.2654
2,2,7073.9156
3,2,5266.1325
4,2,4487.2478
5,2,3558.7055
6,2,3101.5242
1,3,1720.4491
2,3,5512.1325
3,3,5332.3312
4,3,5371.5487
5,3,4717.1551
6,3,4337.4233
7,3,3643.6724
8,3,3162.4372
1,4,1336.3592
2,4,4878.5199
3,4,5606.4401
4,4,7062.4356
5,4,6257.0713
6,4,6032.0426
7,4,5358.4023
8,4,4881.9755
9,4,4297
1,5,961.6395
2,5,4123.0578
3,5,5159.7124
4,5,6462.6693
5,5,6475.0835
6,5,6676.4563
7,5,6170.11
8,5,5811.7636
9,5,5285.2091
10,5,4868.7285
1,6,940
2,6,3924.521
3,6,5037.7685
4,6,6497.6306
5,6,6927.7323
6,6,7680.1446
7,6,7238.8634
8,6,7052.2783
9,6,6497.4597
10,6,6083.1777
11,6,5522.7653
2,7,3349.038
3,7,4531.3512
4,7,5952.5402
5,7,6631.2237
6,7,7469.8495
7,7,7475.6148
8,7,7463.6915
9,7,6964.049
10,7,6640.4991
11,7,6202.2176
12,7,5901.4992
2,8,2995.134
3,8,4155.3817
4,8,5720.7223
5,8,6496.4194
6,8,7520.3198
7,8,7699.4603
8,8,7976.2072
9,8,7542.3284
10,8,7341.2577
11,8,6937.8864
12,8,6728.0252
13,8,6297
14,8,6044
3,9,3791.5999
4,9,5241.4359
5,9,6101.6451
6,9,7100.1696
7,9,7373.7971
8,9,7750.7291
9,9,7631.6383
10,9,7567.3431
11,9,7298.5028
12,9,7105.0317
13,9,6782
14,9,6554
15,9,6165
3,10,3507.6307
4,10,4993.8973
5,10,5880.0438
6,10,6922.0546
7,10,7286.2294
8,10,7767.0981
9,10,7779.0192
10,10,8032.2412
11,10,7765.5581
12,10,7662.7645
13,10,7335.7275
14,10,7167.2329
15,10,6794
16,10,6525
4,11,4540.9708
5,11,5507.3535
6,11,6558.0262
7,11,7038.5627
8,11,7566.4952
9,11,7720.1351
10,11,7971.7136
11,11,7915.6624
12,11,7901.1229
13,11,7649.5806
14,11,7480.1109
15,11,7198
16,11,6960
17,11,6587
18,11,6276
4,12,4285.2851
5,12,5269.6677
6,12,6426.1321
7,12,6948.5452
8,12,7568.5707
9,12,7738.2934
10,12,8080.4656
11,12,8111.4936
12,12,8260.7103
13,12,8021.1366
14,12,7924.7083
15,12,7661.0894
16,12,7478.7911
17,12,7129
18,12,6866
19,12,6487
5,13,4976.6306
6,13,6118.274
7,13,6709.1717
8,13,7389.3747
9,13,7624.2954
10,13,7955.2561
11,13,8063.4882
12,13,8223.5028
13,13,8149.7653
14,13,8124.342
15,13,7907.4842
16,13,7746.3826
17,13,7472.1698
18,13,7252
19,13,6920
20,13,6657
5,14,4719.6346
6,14,5961.4356
7,14,6609.0159
8,14,7364.8722
9,14,7622.3447
10,14,7993.3252
11,14,8101.3979
12,14,8333.8711
13,14,8331.5533
14,14,8447.7445
15,14,8251.2368
16,14,8122.7081
17,14,7869.2101
18,14,7700.0089
19,14,7392
20,14,7173
21,14,6828
5,15,4405.6529
6,15,5674
7,15,6378.5347
8,15,7163.4856
9,15,7463.5831
10,15,7839.7994
11,15,8004.2013
12,15,8263.8525
13,15,8309.8969
14,15,8448.6361
15,15,8353.5064
16,15,8281.8013
17,15,8072.4058
18,15,7928.9559
19,15,7670
20,15,7476
21,15,7166
22,15,6926
5,16,4152.5265
6,16,5421.0778
7,16,6236.6721
8,16,7039.6855
9,16,7336.3065
10,16,7751.911
11,16,7956.9467
12,16,8272.4531
13,16,8348.4647
14,16,8520.6549
15,16,8481.1677
16,16,8493.1301
17,16,8304.7557
18,16,8197.6724
19,16,7965.8409
20,16,7815.8799
21,16,7525
22,16,7319
23,16,7031
6,17,5077
7,17,5887
8,17,6727.8058
9,17,7082.2497
10,17,7520.4151
11,17,7799.2644
12,17,8113.5317
13,17,8261.1049
14,17,8458.2916
15,17,8464.1203
16,17,8497.6304
17,17,8398.9706
18,17,8327.4621
19,17,8142.2233
20,17,8003.4567
21,17,7751
22,17,7566
23,17,7310
24,17,7116
7,18,5613
8,18,6497.479
9,18,6879.6662
10,18,7388.3463
11,18,7682.1522
12,18,8054.425
13,18,8225.518
14,18,8481.469
15,18,8513.8073
16,18,8583.4986
17,18,8520.279
18,18,8519.9096
19,18,8339.848
20,18,8240.0434
21,18,8013.4575
22,18,7865.8632
23,18,7625
24,18,7456
25,18,7213
8,19,6185
9,19,6626.8567
10,19,7167.0673
11,19,7501.9685
12,19,7869.1886
13,19,8100.3449
14,19,8361.0596
15,19,8448.1856
16,19,8537.8511
17,19,8521.9322
18,19,8527.1406
19,19,8438.0593
20,19,8369.6711
21,19,8173.6697
22,19,8034.3889
23,19,7824
24,19,7680
25,19,7457
26,19,7299
8,20,5988
9,20,6444.0314
10,20,7034.5317
11,20,7398.6778
12,20,7803.8411
13,20,8020.6172
14,20,8337.1659
15,20,8446.2496
16,20,8575.39
17,20,8570.2816
18,20,8614.2807
19,20,8557.0258
20,20,8551.3046
21,20,8369.1979
22,20,8259.24
23,20,8069.5129
24,20,7949.6265
25,20,7747
26,20,7603
27,20,7396
28,20,7236
9,21,6205
10,21,6813.0902
11,21,7219.8815
12,21,7636.4382
13,21,7860.3506
14,21,8169.5644
15,21,8307.8692
16,21,8459.9363
17,21,8505.4817
18,21,8562.5988
19,21,8538.0907
20,21,8546.7075
21,21,8444.9303
22,21,8352.8054
23,21,8203.4567
24,21,8087.7286
25,21,7916.0805
26,21,7790
27,21,7595
28,21,7450
9,22,6011
10,22,6671
11,22,7089.9262
12,22,7550.3919
13,22,7787.1243
14,22,8112.5199
15,22,8267.5561
16,22,8448.7829
17,22,8494.4032
18,22,8595.2594
19,22,8576.0731
20,22,8616.5646
21,22,8530.8265
22,22,8533.5215
23,22,8380.0394
24,22,8303.8233
25,22,8135.3117
26,22,8022.7254
27,22,7840
28,22,7702
10,23,6436
11,23,6886.4377
12,23,7356.2338
13,23,7623.5154
14,23,7952.9033
15,23,8147.2749
16,23,8344.2698
17,23,8427.766
18,23,8534.3733
19,23,8551.2571
20,23,8600.6653
21,23,8557.3805
22,23,8555.7321
23,23,8486.1423
24,23,8407.2067
25,23,8274.1924
26,23,8161.3121
27,23,8000.6387
28,23,7870
29,23,7671
10,24,6287
11,24,6745
12,24,7244.4202
13,24,7531.316
14,24,7892.8297
15,24,8097.9701
16,24,8329.3255
17,24,8412.9593
18,24,8555.6141
19,24,8576.2204
20,24,8658.1769
21,24,8618.941
22,24,8656.4623
23,24,8582.2348
24,24,8572.2553
25,24,8439.915
26,24,8354.0268
27,24,8193.2549
28,24,8083.8977
29,24,7891
30,24,7742
11,25,6557
12,25,7055.1115
13,25,7370
14,25,7730.9793
15,25,7981.4177
16,25,8229.6358
17,25,8345.8864
18,25,8488.2382
19,25,8546.7023
20,25,8630.5467
21,25,8622.0215
22,25,8661.2325
23,25,8623.0686
24,25,8613.2777
25,25,8532.6823
26,25,8460.4977
27,25,8325.5606
28,25,8217.0749
29,25,8045
30,25,7904
31,25,7707
11,26,6403
12,26,6928
13,26,7260
14,26,7655.8247
15,26,7906.5513
16,26,8193.2275
17,26,8323.8672
18,26,8493.8411
19,26,8554.6747
20,26,8668.9848
21,26,8665.0958
22,26,8723.0122
23,26,8682.9135
24,26,8701.0188
25,26,8633.7602
26,26,8609.6079
27,26,8477.6578
28,26,8393.0328
29,26,8233.997
30,26,8106
31,26,7916
32,26,7770
11,27,6216
12,27,6734
13,27,7097
14,27,7482
15,27,7765.9122
16,27,8063.8276
17,27,8234.4788
18,27,8419.9526
19,27,8518.0428
20,27,8639.3548
21,27,8656.2097
22,27,8711.1625
23,27,8695.9032
24,27,8711.9923
25,27,8670.4087
26,27,8648.7985
27,27,8569.2199
28,27,8497.3225
29,27,8355.9907
30,27,8231
31,27,8059
32,27,7924
33,27,7735
11,28,6056
12,28,6598
13,28,6980
14,28,7410
15,28,7681
16,28,7996.0154
17,28,8181.5991
18,28,8412.3835
19,28,8514.8795
20,28,8666.6916
21,28,8686.2805
22,28,8755.7227
23,28,8742.0852
24,28,8775.9946
25,28,8734.1798
26,28,8736.3846
27,28,8669.6204
28,28,8642.7811
29,28,8503.2646
30,28,8395.9467
31,28,8232
32,28,8113
33,28,7930
12,29,6425
13,29,6829
14,29,7251
15,29,7552
16,29,7867
17,29,8080.7757
18,29,8311.425
19,29,8434.2324
20,29,8594.85
21,29,8633.4747
22,29,8708.9912
23,29,8714.569
24,29,8760.2103
25,29,8737.9768
26,29,8746.5981
27,29,8694.8386
28,29,8670.9364
29,29,8570.9696
30,29,8473.7802
31,29,8327
32,29,8215
33,29,8049
34,29,7917
13,30,6712
14,30,7156
15,30,7456
16,30,7785
17,30,7992
18,30,8243.6656
19,30,8372.2753
20,30,8550.1639
21,30,8597.2213
22,30,8691.8193
23,30,8710.1425
24,30,8777.9672
25,30,8765.0247
26,30,8790.3563
27,30,8741.8845
28,30,8732.0621
29,30,8642.0027
30,30,8583.0524
31,30,8446.4313
32,30,8347
33,30,8193
34,30,8075
35,30,7904
14,31,7004
15,31,7320
16,31,7652
17,31,7883
18,31,8132
19,31,8288.5833
20,31,8476.9135
21,31,8534.6695
22,31,8631.1256
23,31,8662.1382
24,31,8731.9362
25,31,8738.3358
26,31,8770.2829
27,31,8738.9719
28,31,8736.5912
29,31,8665.6047
30,31,8610.3098
31,31,8518.6449
32,31,8418.7167
33,31,8286
34,31,8170
35,31,8014
36,31,7883
15,32,7209
16,32,7552
17,32,7785
18,32,8054
19,32,8221.335
20,32,8429.3821
21,32,8492.8325
22,32,8599.6917
23,32,8637.3391
24,32,8723.2609
25,32,8736.7146
26,32,8792.2534
27,32,8768.0379
28,32,8780.7769
29,32,8715.5148
30,32,8679.3451
31,32,8583.9267
32,32,8528.8243
33,32,8396.2351
34,32,8300
35,32,8148
36,32,8034
16,33,7400
17,33,7651
18,33,7922
19,33,8115.0303
20,33,8330.5778
21,33,8404.8115
22,33,8518.9696
23,33,8574.7006
24,33,8663.3998
25,33,8696.6438
26,33,8754.7746
27,33,8746.7692
28,33,8765.0281
29,33,8718.0839
30,33,8686.2866
31,33,8611.6317
32,33,8555.0584
33,33,8468.4034
34,33,8369.5344
35,33,8239
36,33,8129
17,34,7530
18,34,7827
19,34,8022.8488
20,34,8247.4967
21,34,8333.3694
22,34,8467.9495
23,34,8535.1967
24,34,8643.9987
25,34,8680.9224
26,34,8755.8539
27,34,8756.151
28,34,8794.5555
29,34,8752.1404
30,34,8735.9057
31,34,8662.1601
32,34,8625.4383
33,34,8530.5685
34,34,8477.0482
35,34,8344.9026
36,34,8256
37,34,8118
17,35,7386
18,35,7677
19,35,7891
20,35,8125.926
21,35,8233.5781
22,35,8372.9008
23,35,8458.156
24,35,8568.5995
25,35,8628.1392
26,35,8703.7686
27,35,8721.3347
28,35,8763.4955
29,35,8739.0736
30,35,8724.266
31,35,8669.3631
32,35,8633.0884
33,35,8557.7457
34,35,8503.7082
35,35,8414.7964
36,35,8327.131
37,35,8202
38,35,8102
18,36,7578
19,36,7792
20,36,8033.1654
21,36,8158.1666
22,36,8307.629
23,36,8403.8034
24,36,8540.1876
25,36,8598.9157
26,36,8692.8831
27,36,8717.7972
28,36,8777.4637
29,36,8757.0967
30,36,8759.6335
31,36,8707.533
32,36,8688.1371
33,36,8611.8214
34,36,8576.0338
35,36,8481.4629
36,36,8429.3193
37,36,8305.0821
38,36,8221
39,36,8089
19,37,7663
20,37,7912
21,37,8054.9436
22,37,8218
23,37,8322.8751
24,37,8460.1734
25,37,8538.5002
26,37,8631.5499
27,37,8675.5223
28,37,8736.2424
29,37,8731.473
30,37,8734.1534
31,37,8701.2195
32,37,8680.964
33,37,8621.5541
34,37,8586.0606
35,37,8511.3126
36,37,8460.1847
37,37,8381.7123
38,37,8296.5116
39,37,8173
40,37,8075
19,38,7563
20,38,7828
21,38,7976.4073
22,38,8152.7858
23,38,8271.0417
24,38,8427.3871
25,38,8505.102
26,38,8612.3888
27,38,8656.8848
28,38,8739.5086
29,38,8737.4597
30,38,8755.682
31,38,8724.5798
32,38,8721.7028
33,38,8663.935
34,38,8644.4902
35,38,8568.0803
36,38,8533.039
37,38,8448.2762
38,38,8393.9294
39,38,8278
40,38,8194
41,38,8066
19,39,7437
20,39,7708
21,39,7873
22,39,8058
23,39,8187.7565
24,39,8347.5398
25,39,8437.4175
26,39,8546.347
27,39,8605.9419
28,39,8695.7505
29,39,8701.8913
30,39,8722.7311
31,39,8709.2808
32,39,8703.3118
33,39,8660.3786
34,39,8641.5591
35,39,8583.5615
36,39,8553.4399
37,39,8486.2161
38,39,8435.9188
39,39,8349
40,39,8267
41,39,8151
42,39,8054
19,40,7332
20,40,7627
21,40,7794
22,40,7990
23,40,8130.7809
24,40,8303.5626
25,40,8400.6822
26,40,8521.7245
27,40,8581.7422
28,40,8682.4667
29,40,8695.2044
30,40,8729.8086
31,40,8717.605
32,40,8731.7459
33,40,8689.6099
34,40,8687.7155
35,40,8627.6497
36,40,8608.8077
37,40,8537.3396
38,40,8500.0971
39,40,8416.7788
40,40,8365
41,40,8248
42,40,8163
43,40,8043
20,41,7503
21,41,7688
22,41,7891
23,41,8045
24,41,8218
25,41,8331.7986
26,41,8449.9359
27,41,8520.1301
28,41,8623.0998
29,41,8646.8655
30,41,8689.0417
31,41,8687.0893
32,41,8705.05
33,41,8680.002
34,41,8678.9139
35,41,8635.883
36,41,8616.837
37,41,8558.3512
38,41,8523.8558
39,41,8454.2759
40,41,8395.1519
41,41,8312
42,41,8234
43,41,8120
44,41,8027
21,42,7603
22,42,7826
23,42,7981
24,42,8168
25,42,8281
26,42,8418
27,42,8495.4062
28,42,8604.2917
29,42,8635.0233
30,42,8691.8053
31,42,8693.874
32,42,8725.2011
33,42,8700.8748
34,42,8711.4781
35,42,8666.8073
36,42,8661.2385
37,42,8601.1401
38,42,8578.5966
39,42,8505.9031
40,42,8465.4666
41,42,8378.9889
42,42,8325
43,42,8215
44,42,8133
22,43,7726
23,43,7894
24,43,8079
25,43,8209
26,43,8345
27,43,8434.198
28,43,8543.1564
29,43,8586.5256
30,43,8648.3455
31,43,8663.1676
32,43,8695.6096
33,43,8682.8172
34,43,8694.6908
35,43,8661.9594
36,43,8657.113
37,43,8611.676
38,43,8587.3545
39,43,8529.2762
40,43,8488.3997
41,43,8417.9563
42,43,8361.332
43,43,8280
44,43,8201
45,43,8090
23,44,7829
24,44,8026
25,44,8155
26,44,8308
27,44,8398.7344
28,44,8520.2118
29,44,8568.5699
30,44,8642.7547
31,44,8660.7565
32,44,8705.2364
33,44,8695.9789
34,44,8717.8072
35,44,8687.5956
36,44,8692.9301
37,44,8645.5139
38,44,8635.719
39,44,8573.6571
40,44,8549.0301
41,44,8473.7117
42,44,8434.7175
43,44,8347.7449
44,44,8298
45,44,8189
46,44,8113
24,45,7939
25,45,8084
26,45,8235
27,45,8338
28,45,8457.6529
29,45,8521.5633
30,45,8592.4981
31,45,8624.5272
32,45,8671.0293
33,45,8673.876
34,45,8695.5923
35,45,8677.6541
36,45,8682.8206
37,45,8647.4275
38,45,8638.4076
39,45,8587.7812
40,45,8564.0394
41,45,8502.2231
42,45,8462.4243
43,45,8389.8338
44,45,8340.376
45,45,8254
46,45,8183
47,45,8080
24,46,7884
25,46,8030
26,46,8195
27,46,8302
28,46,8433
29,46,8495.0801
30,46,8582.2735
31,46,8613.3907
32,46,8671.6636
33,46,8676.6172
34,46,8710.8142
35,46,8695.9465
36,46,8710.6754
37,46,8675.2193
38,46,8677.5132
39,46,8628.1486
40,46,8614.0523
41,46,8551.7579
42,46,8523.9087
43,46,8450.5758
44,46,8409.7684
45,46,8328
46,46,8275.5695
47,46,8175
48,46,8102
25,47,7955
26,47,8121
27,47,8239
28,47,8369
29,47,8443.6018
30,47,8530.0037
31,47,8577.1043
32,47,8634.5089
33,47,8651.2824
34,47,8685.9998
35,47,8682.4953
36,47,8695.7295
37,47,8676.2244
38,47,8675.7193
39,47,8638.4293
40,47,8623.6545
41,47,8572.4013
42,47,8544.9851
43,47,8483.36
44,47,8442.9287
45,47,8373.4211
46,47,8318.5637
47,47,8238
48,47,8171
49,47,8069
25,48,7895
26,48,8076
27,48,8197
28,48,8338
29,48,8411.2501
30,48,8507.38
31,48,8556.0725
32,48,8627.5707
33,48,8648.0571
34,48,8693.1973
35,48,8693.3852
36,48,8717.4473
37,48,8697.4416
38,48,8708.4566
39,48,8674.8451
40,48,8666.0339
41,48,8616.8184
42,48,8597.0285
43,48,8536.6558
44,48,8504.774
45,48,8434.8255
46,48,8391.6832
47,48,8315
48,48,8259
49,48,8165
26,49,7996
27,49,8131
28,49,8272
29,49,8354.6695
30,49,8450.5825
31,49,8508.4545
32,49,8580.6587
33,49,8611.4153
34,49,8658.556
35,49,8671.3294
36,49,8698.5633
37,49,8696.9014
38,49,8705.2363
39,49,8682.5396
40,49,8673.3865
41,49,8633.377
42,49,8613.6286
43,49,8563.544
44,49,8531.4627
45,49,8472.4033
46,49,8428.9807
47,49,8360.2903
48,49,8310.3013
49,49,8230
50,49,8161
26,50,7943
27,50,8082
28,50,8238
29,50,8320.938
30,50,8423.5457
31,50,8483.3576
32,50,8563.7567
33,50,8599.654
34,50,8658.7935
35,50,8673.5926
36,50,8712.0295
37,50,8710.9843
38,50,8732.5958
39,50,8714.011
40,50,8709.9699
41,50,8670.8983
42,50,8657.7312
43,50,8608.5782
44,50,8583.662
45,50,8525.3707
46,50,8490.0207
47,50,8423.2121
48,50,8378.2953
49,50,8304
50,50,8251.626
27,51,7997
28,51,8150
29,51,8246
30,51,8351.9262
31,51,8421.0494
32,51,8504.3462
33,51,8547.9385
34,51,8610.3045
35,51,8632.3659
36,51,8675.284
37,51,8681.1154
38,51,8705.923
39,51,8693.3778
40,51,8693.3149
41,51,8662.3731
42,51,8651.4095
43,51,8608.7373
44,51,8587.4706
45,51,8534.6735
46,51,8502.4303
47,51,8441.6866
48,51,8398.3734
49,51,8329.7495
50,51,8281.103
51,51,8181
28,52,8088
29,52,8185
30,52,8301.1175
31,52,8372.5756
32,52,8465.5244
33,52,8510.9851
34,52,8581.8224
35,52,8605.9105
36,52,8656.8499
37,52,8664.1895
38,52,8696.0043
39,52,8684.9421
40,52,8692.6783
41,52,8664.1849
42,52,8662.3341
43,52,8622.6911
44,52,8609.413
45,52,8559.8949
46,52,8533.8999
47,52,8474.7744
48,52,8437.7375
49,52,8370.426
50,52,8324.4313
51,52,8234
52,52,8157.3256
28,53,8000
29,53,8108
30,53,8226
31,53,8307.525
32,53,8401.7689
33,53,8456.7215
34,53,8529.092
35,53,8563.7479
36,53,8614.8158
37,53,8631.5262
38,53,8663.8759
39,53,8661.5894
40,53,8671.6207
41,53,8648.9014
42,53,8648.7212
43,53,8614.8673
44,53,8604.2799
45,53,8560.8038
46,53,8537.9332
47,53,8484.9947
48,53,8450.3657
49,53,8388.5719
50,53,8343
51,53,8258
52,53,8186.8368
53,53,8089
28,54,7935
29,54,8044
30,54,8171
31,54,8253.5687
32,54,8354.63
33,54,8413.8521
34,54,8495.0045
35,54,8530.7802
36,54,8591.2599
37,54,8607.5621
38,54,8648.907
39,54,8648.9054
40,54,8666.8016
41,54,8647.2133
42,54,8653.988
43,54,8623.7254
44,54,8620.314
45,54,8580.1959
46,54,8563.5652
47,54,8512.5465
48,54,8484.1322
49,54,8423.7199
50,54,8383.9114
51,54,8300.9923
52,54,8236.7682
53,54,8146
54,54,8074.8886
29,55,7965
30,55,8090
31,55,8182
32,55,8285
33,55,8351
34,55,8435.2799
35,55,8478.1865
36,55,8541.7519
37,55,8569.4225
38,55,8612.7875
39,55,8622.8068
40,55,8643.5924
41,55,8628.8868
42,55,8635.0926
43,55,8610.0047
44,55,8608.7132
45,55,8575.1732
46,55,8560.8644
47,55,8517.165
48,55,8489.7547
49,55,8435.238
50,55,8397.229
51,55,8322.0124
52,55,8258
53,55,8176
54,55,8107.3071
30,56,8032
31,56,8124
32,56,8236
33,56,8304
34,56,8395.7672
35,56,8441.9242
36,56,8512.675
37,56,8540.9209
38,56,8593.8344
39,56,8604.9644
40,56,8635.3283
41,56,8623.1384
42,56,8635.1691
43,56,8613.6105
44,56,8619.3593
45,56,8588.2172
46,56,8580.2887
47,56,8537.652
48,56,8517.6232
49,56,8464.7045
50,56,8432.0383
51,56,8358.7344
52,56,8303.7221
53,56,8220.0164
54,56,8159.2808
55,56,8070
31,57,8050
32,57,8161
33,57,8240
34,57,8334.8382
35,57,8384.9123
36,57,8458.1085
37,57,8492.7644
38,57,8549.0875
39,57,8569.4269
40,57,8603.7182
41,57,8596.3016
42,57,8607.7982
43,57,8595.1184
44,57,8601.366
45,57,8576.9818
46,57,8571.0173
47,57,8536.185
48,57,8516.8532
49,57,8470.1213
50,57,8439.4946
51,57,8372.6666
52,57,8319.3305
53,57,8244.0767
54,57,8182
55,57,8102
56,57,8035
32,58,8109
33,58,8189
34,58,8290
35,58,8345.5986
36,58,8424.3318
37,58,8460.1967
38,58,8521.2041
39,58,8541.4616
40,58,8581.3984
41,58,8578.9859
42,58,8604.6626
43,58,8593.1366
44,58,8607.4275
45,58,8584.1927
46,58,8584.8485
47,58,8550.3708
48,58,8539.0492
49,58,8494.0439
50,58,8469.0273
51,58,8404.8161
52,58,8358.116
53,58,8282.9343
54,58,8230.0646
55,58,8148.623
56,58,8089.6865
33,59,8121
34,59,8225
35,59,8287
36,59,8365.9963
37,59,8408.8963
38,59,8471.8489
39,59,8497.6162
40,59,8539.225
41,59,8548.4683
42,59,8572.9159
43,59,8570.6514
44,59,8584.3656
45,59,8568.9501
46,59,8570.6509
47,59,8544.6397
48,59,8533.3524
49,59,8495.2516
50,59,8470.5183
51,59,8412.6821
52,59,8367.7635
53,59,8299.8801
54,59,8247.9277
55,59,8173.5711
56,59,8116
57,59,8032
34,60,8180
35,60,8245
36,60,8330.8721
37,60,8376.1872
38,60,8445.7385
39,60,8476.6938
40,60,8522.1066
41,60,8534.8355
42,60,8568.3994
43,60,8566.1045
44,60,8587.3998
45,60,8572.7053
46,60,8579.9934
47,60,8553.9012
48,60,8550.0196
49,60,8513.1027
50,60,8496.0875
51,60,8440.1203
52,60,8400.6527
53,60,8333.7528
54,60,8289.2054
55,60,8216
56,60,8162
57,60,8086
34,61,8112
35,61,8184
36,61,8269.8645
37,61,8330.7294
38,61,8402.5235
39,61,8439.4151
40,61,8485.8439
41,61,8504.8675
42,61,8538.2672
43,61,8541.107
44,61,8561.9016
45,61,8553.9317
46,61,8560.8946
47,61,8542.0262
48,61,8538.7646
49,61,8508.9087
50,61,8493.131
51,61,8443.633
52,61,8404.6366
53,61,8344.779
54,61,8300.9704
55,61,8235
56,61,8187.9546
57,61,8114
58,61,8058
35,62,8140
36,62,8234
37,62,8295.301
38,62,8372.2012
39,62,8413.3305
40,62,8466.294
41,62,8488.332
42,62,8527.9063
43,62,8534.6074
44,62,8560.9406
45,62,8554.104
46,62,8567.0241
47,62,8547.9155
48,62,8551.2755
49,62,8522.2824
50,62,8513.6189
51,62,8465.2762
52,62,8432.7885
53,62,8374.5651
54,62,8336.8365
55,62,8271.8652
56,62,8227
57,62,8159
58,62,8108
59,62,8033
35,63,8078
36,63,8175
37,63,8244.5085
38,63,8324.7411
39,63,8371.9172
40,63,8425.8337
41,63,8453.3832
42,63,8494.863
43,63,8506.557
44,63,8533.3676
45,63,8532.6657
46,63,8544.8825
47,63,8532.1089
48,63,8537.0801
49,63,8514.6674
50,63,8506.8117
51,63,8462.5191
52,63,8431.1504
53,63,8381.2858
54,63,8344.2976
55,63,8286.4053
56,63,8245.9287
57,63,8179
58,63,8132
59,63,8060
36,64,8134
37,64,8206.1753
38,64,8291.2213
39,64,8342.6336
40,64,8402.3159
41,64,8431.6925
42,64,8479.5202
43,64,8492.8979
44,64,8527.2267
45,64,8528.1404
46,64,8547.163
47,64,8534.7878
48,64,8544.7306
49,64,8522.9297
50,64,8522.5671
51,64,8480.9156
52,64,8455.6435
53,64,8404.4307
54,64,8374.9819
55,64,8317.3347
56,64,8280.2949
57,64,8217
58,64,8174
59,64,8104
60,64,8054
36,65,8075
37,65,8152.7443
38,65,8242
39,65,8298
40,65,8358.598
41,65,8393.2657
42,65,8442.219
43,65,8462.8172
44,65,8496.228
45,65,8504.2551
46,65,8521.7498
47,65,8516.0807
48,65,8526.9874
49,65,8511.9742
50,65,8514.0702
51,65,8475.8208
52,65,8450.9203
53,65,8406.1203
54,65,8378.442
55,65,8328.4811
56,65,8293.9083
57,65,8235
58,65,8193
59,65,8128
60,65,8080
61,65,8008
37,66,8112
38,66,8206
39,66,8262
40,66,8330
41,66,8367.0898
42,66,8422.1581
43,66,8444.1796
44,66,8486.3123
45,66,8495.6267
46,66,8520.7205
47,66,8516.066
48,66,8531.5135
49,66,8516.5472
50,66,8523.1166
51,66,8487.8981
52,66,8469.697
53,66,8426.8924
54,66,8404.0322
55,66,8352.9152
56,66,8323.7567
57,66,8267
58,66,8229
59,66,8167
60,66,8122
61,66,8052
62,66,7998
37,67,8057
38,67,8152
39,67,8215
40,67,8284
41,67,8325.6604
42,67,8381.4163
43,67,8411.2603
44,67,8452.9582
45,67,8468.8666
46,67,8492.5795
47,67,8493.7786
48,67,8510.7252
49,67,8501.6177
50,67,8509.612
51,67,8478.9156
52,67,8462.0785
53,67,8423.6745
54,67,8403.8326
55,67,8359.1515
56,67,8330.2086
57,67,8278.2926
58,67,8242
59,67,8184
60,67,8142
61,67,8075
62,67,8023
63,67,7950
38,68,8114
39,68,8178
40,68,8253
41,68,8297.1307
42,68,8359.293
43,68,8390.0906
44,68,8439.2431
45,68,8456.8165
46,68,8488.0056
47,68,8490.5553
48,68,8512.3511
49,68,8503.8653
50,68,8516.5341
51,68,8487.9218
52,68,8476.9857
53,68,8441.4111
54,68,8424.6644
55,68,8380.3796
56,68,8355.8209
57,68,8304.6438
58,68,8273.2581
59,68,8216
60,68,8177
61,68,8114
62,68,8065
63,68,7996
38,69,8057
39,69,8129
40,69,8204
41,69,8255.2607
42,69,8315.2932
43,69,8353.6217
44,69,8402.6857
45,69,8426.6221
46,69,8457.7342
47,69,8465.9073
48,69,8488.974
49,69,8485.667
50,69,8499.4494
51,69,8475.63
52,69,8466.8641
53,69,8437.0139
54,69,8420.9239
55,69,8383.5114
56,69,8358.1784
57,69,8312.4268
58,69,8280.7922
59,69,8228.9141
60,69,8191
61,69,8131
62,69,8085
63,69,8018
64,69,7966
39,70,8089
40,70,8171
41,70,8223
42,70,8291
43,70,8329.4652
44,70,8385.3351
45,70,8410.6538
46,70,8449.2755
47,70,8459.4515
48,70,8487.835
49,70,8486.1387
50,70,8504.488
51,70,8482.0574
52,70,8478.1315
53,70,8449.1896
54,70,8437.6138
55,70,8399.8033
56,70,8379.7187
57,70,8333.5412
58,70,8306.9259
59,70,8254.3808
60,70,8222.5136
61,70,8163
62,70,8122
63,70,8056
64,70,8008
65,70,7939
40,71,8118
41,71,8178
42,71,8246
43,71,8290.2599
44,71,8346.814
45,71,8377.6123
46,71,8416.9243
47,71,8433.89
48,71,8461.4381
49,71,8466.2575
50,71,8485.1964
51,71,8468.3222
52,71,8465.537
53,71,8441.4807
54,71,8430.939
55,71,8399.2673
56,71,8378.456
57,71,8337.1904
58,71,8310.9411
59,71,8263.7565
60,71,8230.3045
61,71,8177
62,71,8137
63,71,8075
64,71,8028
65,71,7961
40,72,8081
41,72,8143
42,72,8219
43,72,8264
44,72,8326.884
45,72,8359.2766
46,72,8405.2197
47,72,8423.2126
48,72,8458.024
49,72,8463.8767
50,72,8487.8968
51,72,8472.3196
52,72,8473.2705
53,72,8450.2911
54,72,8443.5375
55,72,8411.5617
56,72,8395.9878
57,72,8356.0449
58,72,8333.2164
59,72,8286.1439
60,72,8256.8104
61,72,8204.2841
62,72,8167
63,72,8107
64,72,8064
65,72,7999
66,72,7950
40,73,8027
41,73,8097
42,73,8173
43,73,8223
44,73,8285.5625
45,73,8322.8539
46,73,8368.9594
47,73,8395.3281
48,73,8430.9972
49,73,8442.1079
50,73,8467.2313
51,73,8456.1517
52,73,8458.0361
53,73,8439.9379
54,73,8434.1066
55,73,8406.4953
56,73,8391.0811
57,73,8356.1919
58,73,8333.3969
59,73,8291.5377
60,73,8262.232
61,73,8213.4131
62,73,8177.627
63,73,8122
64,73,8080
65,73,8019
66,73,7971
67,73,7906
41,74,8061
42,74,8143
43,74,8195
44,74,8263
45,74,8303.3953
46,74,8357.0817
47,74,8382.3306
48,74,8424.2667
49,74,8437.9362
50,74,8467.3997
51,74,8458.1612
52,74,8463.2397
53,74,8445.482
54,74,8443.3008
55,74,8416.0465
56,74,8405.513
57,74,8370.3676
58,74,8352.3223
59,74,8310.2588
60,74,8285.5391
61,74,8236.7933
62,74,8205.9165
63,74,8150.5738
64,74,8112
65,74,8052
66,74,8008
67,74,7943
68,74,7893
41,75,8012
42,75,8096
43,75,8153
44,75,8220
45,75,8266
46,75,8320.8584
47,75,8352.7591
48,75,8395.3955
49,75,8414.3243
50,75,8445.5285
51,75,8440.3136
52,75,8446.109
53,75,8432.8309
54,75,8431.3904
55,75,8408.7848
56,75,8398.5511
57,75,8367.7559
58,75,8349.8301
59,75,8312.8817
60,75,8288.1536
61,75,8243.7207
62,75,8213.5527
63,75,8161.6211
64,75,8126
65,75,8068.6732
66,75,8027
67,75,7965
68,75,7917
69,75,7850
42,76,8067
43,76,8126
44,76,8199
45,76,8245.2397
46,76,8305.9755
47,76,8337.9707
48,76,8387.0179
49,76,8407.9365
50,76,8443.5227
51,76,8439.811
52,76,8448.7536
53,76,8435.9908
54,76,8437.7314
55,76,8415.0317
56,76,8409.3747
57,76,8378.8415
58,76,8365.7716
59,76,8328.9284
60,76,8308.5127
61,76,8263.6516
62,76,8237.9286
63,76,8187.2187
64,76,8154.9757
65,76,8097.4761
66,76,8061
67,76,7999
68,76,7956
69,76,7889
42,77,8019
43,77,8083
44,77,8156
45,77,8208
46,77,8270.0318
47,77,8308.8958
48,77,8357.6815
49,77,8384.6067
50,77,8420.5482
51,77,8420.7724
52,77,8430.4098
53,77,8421.1011
54,77,8423.7367
55,77,8405.5878
56,77,8400.2059
57,77,8374.4888
58,77,8361.9861
59,77,8330.0089
60,77,8309.5892
61,77,8268.3558
62,77,8243.0786
63,77,8197.733
64,77,8164.609
65,77,8111.508
66,77,8075.0527
67,77,8017.0977
68,77,7975
69,77,7914
43,78,8054
44,78,8132
45,78,8185
46,78,8252
47,78,8293.3151
48,78,8346.7393
49,78,8374.8212
50,78,8416.9749
51,78,8418.0598
52,78,8430.3251
53,78,8422.2977
54,78,8427.6229
55,78,8409.9786
56,78,8408.1731
57,78,8382.7972
58,78,8373.7624
59,78,8341.7074
60,78,8325.4946
61,78,8285.5473
62,78,8263.8211
63,78,8217.6853
64,78,8190.2569
65,78,8138.2176
66,78,8105.5902
67,78,8048.5792
68,78,8010.5127
69,78,7948.8178
70,78,7906
43,79,8011
44,79,8089
45,79,8148
46,79,8215
47,79,8261
48,79,8316.8971
49,79,8351.4361
50,79,8392.8161
51,79,8397.3641
52,79,8411.2339
53,79,8406.4628
54,79,8412.6477
55,79,8398.647
56,79,8397.5345
57,79,8376.0512
58,79,8367.2497
59,79,8339.2195
60,79,8323.6642
61,79,8289.0958
62,79,8265.846
63,79,8226.396
64,79,8198.3188
65,79,8151.2877
66,79,8116.8884
67,79,8063.2426
68,79,8026.476
69,79,7968.5011
70,79,7927
71,79,7866
44,80,8065
45,80,8124
46,80,8197
47,80,8244
48,80,8303.2367
49,80,8338.759
50,80,8386.817
51,80,8392.5525
52,80,8408.4859
53,80,8405.0993
54,80,8413.6994
55,80,8401.3393
56,80,8402.7566
57,80,8381.8807
58,80,8377.0408
59,80,8349.5208
60,80,8337.864
61,80,8303.9405
62,80,8285.9407
63,80,8245.8177
64,80,8221.9382
65,80,8178.5397
66,80,8146.1128
67,80,8094.0381
68,80,8059.6924
69,80,8004
70,80,7965
71,80,7904
44,81,8023
45,81,8087
46,81,8160
47,81,8211
48,81,8269.5311
49,81,8314.176
50,81,8362.5183
51,81,8372.3452
52,81,8389.0255
53,81,8389.0722
54,81,8398.4783
55,81,8389.7723
56,81,8391.8288
57,81,8375.0835
58,81,8370.4664
59,81,8346.5163
60,81,8335.5074
61,81,8306.6587
62,81,8288.1825
63,81,8254.1744
64,81,8228.9485
65,81,8187.1474
66,81,8156.768
67,81,8108.9797
68,81,8074.9558
69,81,8021
70,81,7983.7556
71,81,7926
72,81,7882
45,82,8060
46,82,8137
47,82,8188
48,82,8252.5868
49,82,8297.9544
50,82,8354.8726
51,82,8364.7302
52,82,8383.6442
53,82,8384.7609
54,82,8396.1889
55,82,8388.9581
56,82,8393.4222
57,82,8377.9987
58,82,8376.3045
59,82,8353.9852
60,82,8346.031
61,82,8317.7341
62,82,8303.68
63,82,8269.2744
64,82,8249.5072
65,82,8206.625
66,82,8180.943
67,82,8133.255
68,82,8102.1962
69,82,8050.0576
70,82,8015.4371
71,82,7959.0882
72,82,7918
73,82,7858
45,83,8010
46,83,8086
47,83,8142
48,83,8206.1204
49,83,8253.7162
50,83,8310.089
51,83,8325.9398
52,83,8345.7384
53,83,8351.3242
54,83,8364.2865
55,83,8360.1437
56,83,8367.0194
57,83,8355.0201
58,83,8355.3956
59,83,8336.3032
60,83,8330.4893
61,83,8305.2969
62,83,8293.0139
63,83,8261.9327
64,83,8243.3366
65,83,8204.3207
66,83,8179.0972
67,83,8134.8423
68,83,8104.8723
69,83,8056.4387
70,83,8022
71,83,7968
72,83,7929
73,83,7872
74,83,7828
46,84,8046
47,84,8102
48,84,8169.1421
49,84,8217
50,84,8275.1719
51,84,8291.9894
52,84,8319.4301
53,84,8326.0033
54,84,8344.6913
55,84,8342.3397
56,84,8353.15
57,84,8343.205
58,84,8347.07
59,84,8329.428
60,84,8326.9237
61,84,8302.6583
62,84,8293.8581
63,84,8263.5409
64,84,8248.3398
65,84,8209.8153
66,84,8189.1495
67,84,8145.5267
68,84,8119.3485
69,84,8071.2571
70,84,8039.9402
71,84,7987.4369
72,84,7952.6676
73,84,7896.0608
74,84,7855
75,84,7795
46,85,7993
47,85,8053
48,85,8121
49,85,8173
50,85,8230.6877
51,85,8252.2533
52,85,8280.2357
53,85,8292.445
54,85,8311.5904
55,85,8314.3227
56,85,8326.0774
57,85,8320.8263
58,85,8324.6765
59,85,8311.5411
60,85,8309.1883
61,85,8288.655
62,85,8280.5734
63,85,8253.8155
64,85,8239.4856
65,85,8206.3396
66,85,8184.6789
67,85,8144.9193
68,85,8118.8154
69,85,8074.209
70,85,8043.8234
71,85,7995.3752
72,85,7960
73,85,7907
74,85,7867
75,85,7810
76,85,7765
47,86,8013
48,86,8086
49,86,8136
50,86,8197
51,86,8218.4764
52,86,8252.5786
53,86,8265.61
54,86,8290.8875
55,86,8294.3554
56,86,8310.9718
57,86,8306.1271
58,86,8314.7612
59,86,8302.1285
60,86,8304.0927
61,86,8284.3712
62,86,8279.6326
63,86,8253.556
64,86,8242.6103
65,86,8208.8743
66,86,8192.9171
67,86,8153.6372
68,86,8132.3919
69,86,8088.376
70,86,8061.7107
71,86,8013.3128
72,86,7981.2764
73,86,7928.7258
74,86,7892.7893
75,86,7836.3292
76,86,7794
77,86,7734
48,87,8036
49,87,8091
50,87,8152
51,87,8178
52,87,8211.7716
53,87,8229.474
54,87,8255.3647
55,87,8264.8777
56,87,8281.9878
57,87,8281.4283
58,87,8289.8762
59,87,8280.325
60,87,8283.6036
61,87,8268.2283
62,87,8263.4683
63,87,8241.3481
64,87,8231.0446
65,87,8202.0072
66,87,8185.7514
67,87,8150.6825
68,87,8129.4444
69,87,8089.6032
70,87,8062.7551
71,87,8018.5685
72,87,7986.561
73,87,7938.2704
74,87,7901
75,87,7848
76,87,7807
77,87,7750
78,87,7703
49,88,8053
50,88,8118
51,88,8144
52,88,8183.3567
53,88,8202.2562
54,88,8233.1695
55,88,8243.6707
56,88,8265.4549
57,88,8266.0873
58,88,8278.5081
59,88,8270.54
60,88,8277.1778
61,88,8261.5277
62,88,8261.6235
63,88,8239.2998
64,88,8233.4042
65,88,8205.0504
66,88,8193.1305
67,88,8159.2055
68,88,8141.9084
69,88,8101.4285
70,88,8079.1999
71,88,8034.6009
72,88,8006.3791
73,88,7957.45
74,88,7923.8214
75,88,7870.8655
76,88,7833.308
77,88,7776
78,88,7733
50,89,8073
51,89,8103
52,89,8142
53,89,8165.2517
54,89,8196.8855
55,89,8211.8894
56,89,8234.7991
57,89,8239.9988
58,89,8252.5274
59,89,8249.5409
60,89,8255.4437
61,89,8243.8125
62,89,8243.9735
63,89,8226.5854
64,89,8220.4209
65,89,8196.6697
66,89,8184.357
67,89,8155.428
68,89,8136.3757
69,89,8101.1994
70,89,8078.0428
71,89,8038.3387
72,89,8009.1245
73,89,7964.3432
74,89,7930.3043
75,89,7881.0523
76,89,7843
77,89,7789
78,89,7746
79,89,7688
50,90,8038
51,90,8069
52,90,8113
53,90,8137
54,90,8172.8845
55,90,8188.7342
56,90,8215.5293
57,90,8221.5536
58,90,8240.3876
59,90,8238.304
60,90,8249.5789
61,90,8241.2723
62,90,8244.0645
63,90,8228.7011
64,90,8224.7996
65,90,8202.9173
66,90,8192.4366
67,90,8163.1373
68,90,8147.927
69,90,8112.7549
70,90,8092.5614
71,90,8052.7821
72,90,8027.1171
73,90,7981.8905
74,90,7951.4515
75,90,7901.5201
76,90,7866.3371
77,90,7812.8254
78,90,7773.6217
79,90,7716
80,90,7671
51,91,8027
52,91,8070
53,91,8098
54,91,8135.0877
55,91,8155.4365
56,91,8183.2405
57,91,8193.7165
58,91,8214.2294
59,91,8218.9316
60,91,8230.2741
61,91,8226.1293
62,91,8228.5373
63,91,8217.1006
64,91,8213.2541
65,91,8194.6415
66,91,8184.6287
67,91,8158.4709
68,91,8142.7742
69,91,8110.8124
70,91,8090.3861
71,91,8054.5596
72,91,8028.0072
73,91,7986.9978
74,91,7955.9704
75,91,7909.6392
76,91,7873.9557
77,91,7823.8509
78,91,7784
79,91,7730
80,91,7686
52,92,8040
53,92,8069
54,92,8110.4154
55,92,8131.801
56,92,8164.1118
57,92,8176.1915
58,92,8201.123
59,92,8207.8824
60,92,8224.0078
61,92,8221.1536
62,92,8226.8379
63,92,8216.676
64,92,8215.3253
65,92,8198.1416
66,92,8190.1298
67,92,8165.1066
68,92,8151.7217
69,92,8120.4906
70,92,8102.5333
71,92,8066.6848
72,92,8043.8142
73,92,8003.0547
74,92,7974.8951
75,92,7929
76,92,7895.9408
77,92,7845.5944
78,92,7808.2365
79,92,7754.1069
80,92,7713.6064
52,93,7998
53,93,8031
54,93,8072
55,93,8097.5469
56,93,8131.8495
57,93,8149.4339
58,93,8176.2779
59,93,8187.1049
60,93,8204.5832
61,93,8204.717
62,93,8211.2258
63,93,8204.6192
64,93,8203.5072
65,93,8189.1556
66,93,8181.5842
67,93,8158.6004
68,93,8145.8628
69,93,8117.5868
70,93,8099.1069
71,93,8065.8043
72,93,8042.8728
73,93,8004.9714
74,93,7976.7045
75,93,7935.1208
76,93,7901.2862
77,93,7853
78,93,7816.6017
79,93,7766.1587
80,93,7725
53,94,8001
54,94,8047
55,94,8073
56,94,8111.8405
57,94,8129.0436
58,94,8161
59,94,8172.0371
60,94,8192.3491
61,94,8195.2977
62,94,8205.0054
63,94,8199.7975
64,94,8201.8229
65,94,8188.8025
66,94,8184.0526
67,94,8163.1134
68,94,8152.3959
69,94,8124.9774
70,94,8109.4149
71,94,8076.746
72,94,8056.4386
73,94,8018.8614
74,94,7993.9327
75,94,7951.3963
76,94,7921.1258
77,94,7873.4895
78,94,7839.246
79,94,7788.2348
80,94,7749.7851
54,95,8009
55,95,8039
56,95,8079
57,95,8102
58,95,8134
59,95,8147.2994
60,95,8170.305
61,95,8176.7263
62,95,8187.0642
63,95,8185.132
64,95,8187.6177
65,95,8177.4676
66,95,8173.3093
67,95,8155.4126
68,95,8144.7403
69,95,8119.6534
70,95,8104.8399
71,95,8074.1756
72,95,8054.185
73,95,8019.4287
74,95,7994.5381
75,95,7955.012
76,95,7924.1769
77,95,7880.2637
78,95,7845.3856
79,95,7797
80,95,7759.2134
81,95,7707.9383
54,96,7983
55,96,8013
56,96,8057
57,96,8081
58,96,8116
59,96,8131.0398
60,96,8156.3265
61,96,8164.1458
62,96,8177.3075
63,96,8176.6987
64,96,8183.0171
65,96,8174.4809
66,96,8173.4555
67,96,8156.967
68,96,8149.0191
69,96,8125.5489
70,96,8112.4591
71,96,8083.1722
72,96,8065.5536
73,96,8030.9577
74,96,8008.9482
75,96,7969.4131
76,96,7942.1626
77,96,7898.068
78,96,7866.1143
79,96,7817.5939
80,96,7782.664
81,96,7732.1655
82,96,7690.8359
55,97,7980
56,97,8023
57,97,8051
58,97,8087
59,97,8105.2337
60,97,8132.1671
61,97,8143.3622
62,97,8157.4963
63,97,8160.103
64,97,8167.1934
65,97,8164.0773
66,97,8161.784
67,97,8147.9234
68,97,8139.9348
69,97,8118.9357
70,97,8106.202
71,97,8080.4026
72,97,8061.7791
73,97,8030.2965
74,97,8008.1158
75,97,7971.846
76,97,7944.0341
77,97,7902.0377
78,97,7869.5216
79,97,7825.3837
80,97,7789.8947
81,97,7741
82,97,7701.463
56,98,8001
57,98,8028
58,98,8068
59,98,8085.817
60,98,8114.9529
61,98,8126.8601
62,98,8144.6159
63,98,8148.981
64,98,8159.0373
65,98,8155.6322
66,98,8158.7129
67,98,8146.9591
68,98,8141.9479
69,98,8122.5826
70,98,8111.887
71,98,8086.3233
72,98,8070.8762
73,98,8039.7914
74,98,8020.1757
75,98,7983.9068
76,98,7959.4618
77,98,7917.9112
78,98,7888.9934
79,98,7843.8623
80,98,7811.3607
81,98,7763.4942
82,98,7725.6993
57,99,7997
58,99,8037
59,99,8059
60,99,8088.8224
61,99,8103.6398
62,99,8122.0418
63,99,8129.5593
64,99,8140.756
65,99,8139.9304
66,99,8143.9083
67,99,8135.4933
68,99,8131.7352
69,99,8114.9516
70,99,8104.5206
71,99,8081.6686
72,99,8066.0687
73,99,8037.7056
74,99,8018.3337
75,99,7985.0944
76,99,7960.7294
77,99,7921.5522
78,99,7892.4896
79,99,7849.3946
80,99,7816.2631
81,99,7771.431
82,99,7734.0704
57,100,7972
58,100,8015
59,100,8037
60,100,8069.9662
61,100,8085.9977
62,100,8107.5745
63,100,8116.0172
64,100,8129.9978
65,100,8130.3259
66,100,8137.2793
67,100,8130.3732
68,100,8129.5897
69,100,8114.4702
70,100,8106.6101
71,100,8084.6621
72,100,8071.7439
73,100,8044.065
74,100,8027.2572
75,100,7994.8168
76,100,7972.8681
77,100,7934.6328
78,100,7908.253
79,100,7865.6374
80,100,7836.1111
81,100,7791.9183
82,100,7756.3296
58,101,7983
59,101,8009
60,101,8042
61,101,8061
62,101,8084.1653
63,101,8095.3686
64,101,8110.4428
65,101,8113.223
66,101,8120.8782
67,101,8116.8061
68,101,8117.0078
69,101,8105.5144
70,101,8097.8826
71,101,8078.2334
72,101,8066.0164
73,101,8040.4528
74,101,8024.113
75,101,7993.9707
76,101,7972.4371
77,101,7936.563
78,101,7910.6759
79,101,7870.3194
80,101,7839.6792
81,101,7796.3571
82,101,7762.179
83,101,7712
59,102,7986
60,102,8022
61,102,8042
62,102,8067.7803
63,102,8080.0529
64,102,8097.226
65,102,8101.441
66,102,8112.5293
67,102,8109.0622
68,102,8111.9529
69,102,8101.8931
70,102,8097.4295
71,102,8079.0312
72,102,8068.5341
73,102,8044.4456
74,102,8030.1131
75,102,8001.2229
76,102,7981.9128
77,102,7947.5248
78,102,7923.5781
79,102,7883.8359
80,102,7856.9726
81,102,7815.6741
82,102,7782.7264
83,102,7732
84,102,7695.9488
60,103,7992
61,103,8014
62,103,8041
63,103,8056
64,103,8075.5428
65,103,8082.798
66,103,8094.7566
67,103,8093.7902
68,103,8097.7404
69,103,8091.0367
70,103,8087.4276
71,103,8071.454
72,103,8060.7625
73,103,8038.6706
74,103,8025.0359
75,103,7998.1576
76,103,7979.4844
77,103,7947.6337
78,103,7924.1271
79,103,7887.2442
80,103,7859.3885
81,103,7818.6727
82,103,7786.933
83,103,7739.1175
84,103,7704.7889
61,104,7992
62,104,8023
63,104,8038
64,104,8060
65,104,8069
66,104,8084
67,104,8083.6021
68,104,8090.4052
69,104,8084.4633
70,104,8083.8481
71,104,8069.1412
72,104,8061.3604
73,104,8040.8289
74,104,8029.2584
75,104,8003.7666
76,104,7987.4171
77,104,7956.5242
78,104,7934.7541
79,104,7898.5644
80,104,7874.3454
81,104,7835.5756
82,104,7805.342
83,104,7758.2083
84,104,7724.6544
62,105,7992
63,105,8012
64,105,8035
65,105,8047
66,105,8062
67,105,8066
68,105,8074
69,105,8070.6432
70,105,8070.9253
71,105,8059.0209
72,105,8051.8365
73,105,8035
74,105,8023.2821
75,105,7999.9922
76,105,7983.4263
77,105,7954.8948
78,105,7933.3406
79,105,7900.1947
80,105,7874.5391
81,105,7837.5161
82,105,7808.401
83,105,7764.1904
84,105,7731.1321
62,106,7971
63,106,7991
64,106,8017
65,106,8030
66,106,8049
67,106,8054
68,106,8064
69,106,8061.7673
70,106,8064.0853
71,106,8053.4495
72,106,8049.4438
73,106,8033.5869
74,106,8025.4434
75,106,8004.1434
76,106,7989.7287
77,106,7961.8176
78,106,7942.5649
79,106,7909.441
80,106,7888.2605
81,106,7852.465
82,106,7824.8211
83,106,7780.9999
84,106,7749.4526
85,106,7702.9233
63,107,7963
64,107,7990
65,107,8006
66,107,8026
67,107,8034
68,107,8045
69,107,8045.1214
70,107,8049.9741
71,107,8042.0554
72,107,8038.5474
73,107,8025.8864
74,107,8017.9494
75,107,7998.6264
76,107,7985.0087
77,107,7959.1992
78,107,7939.7779
79,107,7909.5409
80,107,7886.9905
81,107,7853.0537
82,107,7826.2999
83,107,7785.3239
84,107,7753.7871
85,107,7709.7283
86,107,7675.853
64,108,7972
65,108,7988
66,108,8011
67,108,8019
68,108,8034
69,108,8035
70,108,8042.7386
71,108,8035.0744
72,108,8034.9319
73,108,8023.405
74,108,8018.3096
75,108,8001.0101
76,108,7988.6778
77,108,7963.7226
78,108,7946.8094
79,108,7917.4323
80,108,7899.034
81,108,7866.2704
82,108,7841.1294
83,108,7800.6613
84,108,7771.0542
85,108,7727.1099
86,108,7694.9961
65,109,7963
66,109,7986
67,109,7997
68,109,8013
69,109,8017
70,109,8026
71,109,8022.0394
72,109,8022.003
73,109,8012.6332
74,109,8008.3234
75,109,7992.7517
76,109,7981.3047
77,109,7958.0473
78,109,7941.1699
79,109,7914.7537
80,109,7896.9192
81,109,7866.0345
82,109,7841.6782
83,109,7803.6084
84,109,7773.951
85,109,7732.2304
86,109,7700.3841
66,110,7969
67,110,7980
68,110,7999
69,110,8004
70,110,8016
71,110,8011.9301
72,110,8014.8381
73,110,8006.74
74,110,8005.0777
75,110,7991.0101
76,110,7982.8324
77,110,7960.6692
78,110,7947.9027
79,110,7921.9876
80,110,7907.0174
81,110,7877.1445
82,110,7854.6482
83,110,7817.1718
84,110,7789.2947
85,110,7748.0914
86,110,7717.966
87,110,7673.764
67,111,7957
68,111,7976
69,111,7983
70,111,7996
71,111,7996
72,111,8000.0315
73,111,7993.7535
74,111,7992.9083
75,111,7981.2713
76,111,7973.7814
77,111,7954.8512
78,111,7941.4045
79,111,7918.8345
80,111,7903.8002
81,111,7876.0167
82,111,7854.0994
83,111,7819.1955
84,111,7791.3155
85,111,7752.0001
86,111,7722.119
87,111,7679.1873
68,112,7960
69,112,7969
70,112,7984
71,112,7984.8125
72,112,7990.7228
73,112,7986.3615
74,112,7988.6026
75,112,7977.9519
76,112,7973.8656
77,112,7956.0214
78,112,7946.4941
79,112,7924.6819
80,112,7912.0666
81,112,7885.3445
82,112,7865.4181
83,112,7830.7579
84,112,7804.7445
85,112,7766.0174
86,112,7737.7245
87,112,7695.2599
69,113,7948
70,113,7963
71,113,7967
72,113,7973.9711
73,113,7971.8357
74,113,7975.1168
75,113,7966.7481
76,113,7963.0029
77,113,7947.7017
78,113,7938.7279
79,113,7920.1033
80,113,7907.973
81,113,7883.5211
82,113,7864.0647
83,113,7831.9009
84,113,7805.7136
85,113,7769.3446
86,113,7741.0568
87,113,7700.3292
88,113,7669.4108
70,114,7951
71,114,7955
72,114,7964.3032
73,114,7963.2123
74,114,7969.0532
75,114,7961.8105
76,114,7962.1047
77,114,7948.1144
78,114,7942.4923
79,114,7924.1648
80,114,7914.5974
81,114,7890.7293
82,114,7873.3374
83,114,7841.6348
84,114,7817.5611
85,114,7781.4883
86,114,7754.9111
87,114,7714.8367
88,114,7685.5684
70,115,7929
71,115,7936
72,115,7947
73,115,7948
74,115,7954
75,115,7949.7759
76,115,7950.5687
77,115,7938.9999
78,115,7933.7875
79,115,7918.7744
80,115,7909.398
81,115,7888.29
82,115,7871.2822
83,115,7841.2123
84,115,7817.6582
85,115,7783.7601
86,115,7757.0174
87,115,7719.0125
88,115,7689.8015
71,116,7923
72,116,7936
73,116,7938
74,116,7947.5031
75,116,7943.9588
76,116,7948.526
77,116,7938.1346
78,116,7935.942
79,116,7921.3778
80,116,7914.37
81,116,7893.5725
82,116,7878.9695
83,116,7849.5232
84,116,7827.4407
85,116,7794.1536
86,116,7769.3018
87,116,7731.7092
88,116,7704.1238
89,116,7662.8519
71,117,7903
72,117,7917
73,117,7922
74,117,7931.4359
75,117,7930.2389
76,117,7936.2716
77,117,7928.4885
78,117,7926.553
79,117,7914.8553
80,117,7908.6402
81,117,7890.3011
82,117,7875.7366
83,117,7848.4969
84,117,7826.5619
85,117,7794.5637
86,117,7770.3437
87,117,7734.6931
88,117,7707.1698
89,117,7667.8538
72,118,7905
73,118,7911
74,118,7924
75,118,7923.9378
76,118,7932.0232
77,118,7924.916
78,118,7926.5297
79,118,7915.6548
80,118,7911.5532
81,118,7893.8773
82,118,7881.8101
83,118,7854.8713
84,118,7834.8053
85,118,7803.6487
86,118,7780.5743
87,118,7745.687
88,118,7719.8028
89,118,7681.1001
90,118,7652.5716
73,119,7894
74,119,7907
75,119,7909
76,119,7917.7449
77,119,7914.1487
78,119,7915.9714
79,119,7908.5675
80,119,7905.2794
81,119,7889.7037
82,119,7877.8782
83,119,7852.5857
84,119,7832.8632
85,119,7803.5522
86,119,7780.7226
87,119,7746.9621
88,119,7721.7503
89,119,7684.8289
90,119,7656
73,120,7883
74,120,7899
75,120,7901
76,120,7912.2301
77,120,7909.0003
78,120,7914.1512
79,120,7906.9379
80,120,7905.8956
81,120,7891.2717
82,120,7882.1505
83,120,7857.4762
84,120,7839.0823
85,120,7810.2694
86,120,7789.0417
87,120,7756.2689
88,120,7732.0177
89,120,7695.8455
90,120,7669.0764
91,120,7629.3948
73,121,7865
74,121,7881
75,121,7886
76,121,7897
77,121,7897
78,121,7902.3011
79,121,7898.4915
80,121,7897.5607
81,121,7886.2206
82,121,7877.397
83,121,7854.2157
84,121,7836.2168
85,121,7808.8904
86,121,7787.9987
87,121,7756.8985
88,121,7733.0177
89,121,7698.0182
90,121,7671.8506
91,121,7633.6289
74,122,7872
75,122,7877
76,122,7890
77,122,7891.2066
78,122,7899.1986
79,122,7895.1752
80,122,7896.8505
81,122,7886.053
82,122,7879.9326
83,122,7857.3218
84,122,7840.5973
85,122,7813.9653
86,122,7794.2678
87,122,7763.7485
88,122,7741.3687
89,122,7707.468
90,122,7682.0628
91,122,7644.8027
74,123,7853
75,123,7861
76,123,7874
77,123,7878
78,123,7885.8337
79,123,7885.91
80,123,7887.4828
81,123,7880.0238
82,123,7874.3313
83,123,7853.3249
84,123,7836.6734
85,123,7811.5604
86,123,7792.1755
87,123,7763.1243
88,123,7741.0887
89,123,7708.4479
90,123,7683.847
91,123,7647.7037
92,123,7620.7821
75,124,7850
76,124,7867
77,124,7870
78,124,7881.5609
79,124,7880.865
80,124,7885.5455
81,124,7878.3946
82,124,7875.362
83,124,7854.5053
84,124,7839.3568
85,124,7814.7835
86,124,7796.6653
87,124,7768.3613
88,124,7747.5078
89,124,7715.5908
90,124,7692.3173
91,124,7657.3733
92,124,7631.3072
76,125,7849
77,125,7855
78,125,7867
79,125,7868
80,125,7874.7325
81,125,7871.7219
82,125,7869.8664
83,125,7849.8534
84,125,7835.1882
85,125,7811.6638
86,125,7793.9412
87,125,7766.8455
88,125,7746.4726
89,125,7715.8874
90,125,7693.0266
91,125,7659.2006
92,125,7634
76,126,7839
77,126,7845
78,126,7859
79,126,7860
80,126,7869.1723
81,126,7866.7979
82,126,7867.453
83,126,7847.9869
84,126,7834.3462
85,126,7811.3545
86,126,7794.7963
87,126,7768.4543
88,126,7749.1719
89,126,7719.4137
90,126,7697.6617
91,126,7664.6438
92,126,7640.7191
93,126,7604.6732
76,127,7814
77,127,7823
78,127,7836
79,127,7840
80,127,7848.6112
81,127,7847.1835
82,127,7848.6488
83,127,7832.5424
84,127,7818.7842
85,127,7798.34
86,127,7782.1824
87,127,7757.7393
88,127,7739.3249
89,127,7711.2319
90,127,7690.5945
91,127,7659.1935
92,127,7636.2867
93,127,7602.0758
94,127,7576
77,128,7805
78,128,7820
79,128,7824
80,128,7834.1914
81,128,7833.3979
82,128,7835.9656
83,128,7819.7745
84,128,7810.2438
85,128,7790.0036
86,128,7777.1023
87,128,7753.2607
88,128,7737.3458
89,128,7710.3448
90,128,7691.6026
91,128,7661.3783
92,128,7640
93,128,7607
94,128,7582
95,128,7547
78,129,7797
79,129,7803
80,129,7813
81,129,7813.589
82,129,7817.0079
83,129,7803.314
84,129,7794.024
85,129,7776.3632
86,129,7763.8164
87,129,7742.4513
88,129,7726.9122
89,129,7702.145
90,129,7683.7655
91,129,7655.5364
92,129,7634.6849
93,129,7602.7013
94,129,7580
95,129,7546
78,130,7780
79,130,7786
80,130,7799
81,130,7799.7915
82,130,7804.3203
83,130,7791.0217
84,130,7785.1163
85,130,7767.8627
86,130,7758.6553
87,130,7737.775
88,130,7725.0241
89,130,7700.5489
90,130,7684.4964
91,130,7656.9809
92,130,7637.7651
93,130,7607.5654
94,130,7586
95,130,7553
79,131,7764
80,131,7777
81,131,7780
82,131,7785.1732
83,131,7773.4955
84,131,7768.1768
85,131,7753.0024
86,131,7744.4037
87,131,7726.7143
88,131,7714.056
89,131,7692.3515
90,131,7676.064
91,131,7651.2373
92,131,7631.7611
93,131,7603.5032
94,131,7583
95,131,7552
80,132,7762
81,132,7765.4311
82,132,7772.3955
83,132,7761.7177
84,132,7758.8205
85,132,7744.6172
86,132,7738.7527
87,132,7721.1759
88,132,7711.6879
89,132,7690.5039
90,132,7676.6592
91,132,7651.8957
92,132,7635.0742
93,132,7607.4231
94,132,7588
95,132,7558
80,133,7739
81,133,7745
82,133,7752.7381
83,133,7743.4996
84,133,7741.3614
85,133,7729.1175
86,133,7723.7784
87,133,7709.743
88,133,7701.1352
89,133,7682.8015
90,133,7668.6426
91,133,7646.9612
92,133,7629.7717
93,133,7604.1714
94,133,7585
95,133,7557
80,134,7724
81,134,7730
82,134,7740
83,134,7731.8491
84,134,7731.53
85,134,7720.197
86,134,7717.2552
87,134,7703.2572
88,134,7696.6931
89,134,7679.1479
90,134,7667.7162
91,134,7646.6504
92,134,7631.9166
93,134,7607.2771
94,134,7590.4039
95,134,7562.5697
80,135,7701
81,135,7709
82,135,7719
83,135,7712.828
84,135,7713.334
85,135,7703.7033
86,135,7701.3941
87,135,7690.9474
88,135,7685.3101
89,135,7670.1438
90,135,7659.2229
91,135,7641.1093
92,135,7626.2918
93,135,7604
94,135,7586.8834
95,135,7562
96,135,7542
80,136,7685
81,136,7693
82,136,7705
83,136,7700
84,136,7703.2244
85,136,7694.4754
86,136,7694.4991
87,136,7683.6655
88,136,7679.9236
89,136,7665.6906
90,136,7657.1195
91,136,7639.4945
92,136,7627.4763
93,136,7605.9921
94,136,7591.0016
95,136,7566
96,136,7548
97,136,7519
81,137,7672
82,137,7684
83,137,7681
84,137,7684.4814
85,137,7677.3878
86,137,7678.172
87,137,7670.368
88,137,7667.5866
89,137,7655.6628
90,137,7647.4591
91,137,7632.2076
92,137,7620.7218
93,137,7601.7751
94,137,7587.1224
95,137,7564
96,137,7546.002
97,137,7519
82,138,7670
83,138,7668
84,138,7674.0054
85,138,7668.0557
86,138,7670.7514
87,138,7662.9412
88,138,7661.9636
89,138,7650.7084
90,138,7645.0807
91,138,7629.8752
92,138,7620.9227
93,138,7602.1321
94,138,7588.9839
95,138,7567
96,138,7550.6868
97,138,7524
83,139,7648
84,139,7655
85,139,7650.7354
86,139,7654.3581
87,139,7648.3768
88,139,7648.3048
89,139,7639.1973
90,139,7634.651
91,139,7621.8958
92,139,7613.3879
93,139,7597
94,139,7583.7968
95,139,7564
96,139,7547
97,139,7523
98,139,7503.3507
83,140,7636
84,140,7644
85,140,7641
86,140,7646.4108
87,140,7640.7162
88,140,7642.4289
89,140,7633.2446
90,140,7630.9974
91,140,7618.4267
92,140,7611.8984
93,140,7596.1816
94,140,7584.6061
95,140,7565.1582
96,140,7550.309
97,140,7527
98,140,7509
99,140,7481
83,141,7616
84,141,7626
85,141,7624
86,141,7630.0508
87,141,7626.3689
88,141,7628.4862
89,141,7621.4604
90,141,7620.1188
91,141,7609.5072
92,141,7603.9574
93,141,7589.6382
94,141,7578.8799
95,141,7561
96,141,7546.6241
97,141,7525
98,141,7507
99,141,7481
100,141,7459
84,142,7614
85,142,7613
86,142,7621.6457
87,142,7618.338
88,142,7621.9144
89,142,7615.0768
90,142,7615.0338
91,142,7604.8675
92,142,7600.716
93,142,7587.0571
94,142,7577.9192
95,142,7561
96,142,7547.9966
97,142,7527
98,142,7510.24
99,142,7485
100,142,7465
84,143,7596
85,143,7596
86,143,7605.6227
87,143,7603.7052
88,143,7607.8418
89,143,7602.4245
90,143,7602.8937
91,143,7594.6837
92,143,7590.9151
93,143,7579.2148
94,143,7570.7599
95,143,7555.5853
96,143,7543.0659
97,143,7523
98,143,7507
99,143,7483
100,143,7464
101,143,7438
85,144,7585
86,144,7595
87,144,7594.5009
88,144,7600.0099
89,144,7595.1939
90,144,7596.8557
91,144,7588.4139
92,144,7586.4854
93,144,7574.9895
94,144,7568.3611
95,144,7553.6891
96,144,7542.8617
97,144,7524
98,144,7509.0991
99,144,7486
100,144,7468
101,144,7441
86,145,7579
87,145,7579.3481
88,145,7585.5644
89,145,7582.1297
90,145,7584.3862
91,145,7577.5573
92,145,7576.1026
93,145,7566.222
94,145,7560.3187
95,145,7547.0136
96,145,7536.8488
97,145,7519
98,145,7505
99,145,7483
100,145,7465
101,145,7441
87,146,7569.2398
88,146,7576.5439
89,146,7573.5051
90,146,7576.9688
91,146,7570.3847
92,146,7570.1262
93,146,7560.568
94,146,7556.0433
95,146,7543.2795
96,146,7534.504
97,146,7517.5021
98,146,7505.1373
99,146,7485
100,146,7467.9608
101,146,7444
102,146,7424
88,147,7561
89,147,7559.2423
90,147,7563.4433
91,147,7558.3449
92,147,7558.5624
93,147,7550.1743
94,147,7546.4395
95,147,7534.9917
96,147,7526.9261
97,147,7511.4759
98,147,7499.6644
99,147,7480.7849
100,147,7464
101,147,7442
102,147,7422
89,148,7550
90,148,7555
91,148,7550
92,148,7551.7705
93,148,7544.0426
94,148,7541.3284
95,148,7530.1742
96,148,7523.9527
97,148,7509.2714
98,148,7499.122
99,148,7480.1005
100,148,7465.9451
101,148,7444.0169
102,148,7426
103,148,7400
90,149,7540
91,149,7537
92,149,7539
93,149,7533.4042
94,149,7531.0087
95,149,7521.3095
96,149,7515.7677
97,149,7502.8035
98,149,7493.2638
99,149,7476
100,149,7461.8649
101,149,7441.6533
102,149,7423
103,149,7400
104,149,7380
91,150,7528
92,150,7532
93,150,7526
94,150,7524.8154
95,150,7515.3043
96,150,7511.4716
97,150,7498.9408
98,150,7491.044
99,150,7474
100,150,7462.0905
101,150,7441.9005
102,150,7425.7992
103,150,7402.918
104,150,7384
105,150,7359
92,151,7518
93,151,7514
94,151,7513.2822
95,151,7505
96,151,7501.9318
97,151,7490.5975
98,151,7483.3954
99,151,7469
100,151,7457.0013
101,151,7438.4444
102,151,7422.4719
103,151,7401.1306
104,151,7382
105,151,7359
93,152,7506
94,152,7506.5401
95,152,7499
96,152,7496.7291
97,152,7486.041
98,152,7479.9567
99,152,7465.8842
100,152,7456.0351
101,152,7438
102,152,7423.5909
103,152,7402.5767
104,152,7385.4349
105,152,7361.9767
106,152,7342
94,153,7493
95,153,7487
96,153,7485.551
97,153,7475.9594
98,153,7470.5014
99,153,7457.2428
100,153,7448.4712
101,153,7432
102,153,7417.9403
103,153,7398.1605
104,153,7381.7053
105,153,7359.4803
106,153,7340
107,153,7314
95,154,7479
96,154,7478.9385
97,154,7469.2637
98,154,7465.3474
99,154,7452.8879
100,154,7444.7936
101,154,7428.7333
102,154,7416.5429
103,154,7397
104,154,7382.5257
105,154,7360.3626
106,154,7342.5632
107,154,7317.3313
96,155,7466.7233
97,155,7459
98,155,7454.8297
99,155,7443.5759
100,155,7435.886
101,155,7421
102,155,7409.6587
103,155,7392
104,155,7377
105,155,7357
106,155,7339.771
107,155,7315.7331
108,155,7295
96,156,7460
97,156,7451
98,156,7449.2259
99,156,7437.8216
100,156,7431.7888
101,156,7417.5845
102,156,7407
103,156,7390
104,156,7377
105,156,7357
106,156,7341.1736
107,156,7318
108,156,7298.3762
109,156,7272
97,157,7440
98,157,7438
99,157,7428
100,157,7422.1942
101,157,7409.6615
102,157,7399.9714
103,157,7383
104,157,7371.3858
105,157,7352
106,157,7337
107,157,7315
108,157,7296.2474
109,157,7270.7598
110,157,7248
98,158,7432
99,158,7422
100,158,7418
101,158,7405
102,158,7397
103,158,7381
104,158,7370
105,158,7352
106,158,7338
107,158,7316
108,158,7298.2611
109,158,7273
110,158,7252
99,159,7412
100,159,7407
101,159,7396
102,159,7388
103,159,7374
104,159,7364
105,159,7346
106,159,7333
107,159,7313
108,159,7295
109,159,7271
110,159,7250.1551
100,160,7402
101,160,7391
102,160,7385
103,160,7371
104,160,7361
105,160,7345
106,160,7332
107,160,7313
108,160,7297
109,160,7274
110,160,7253.7634
101,161,7382
102,161,7376
103,161,7363
104,161,7354
105,161,7339
106,161,7327
107,161,7309
108,161,7294
109,161,7271
110,161,7252
111,161,7227
102,162,7371
103,162,7359
104,162,7351
105,162,7337
106,162,7326
107,162,7309
108,162,7295
109,162,7273
110,162,7255
111,162,7230
103,163,7349
104,163,7342
105,163,7328
106,163,7318
107,163,7301
108,163,7288
109,163,7267
110,163,7250
111,163,7227
104,164,7337
105,164,7323
106,164,7314
107,164,7298
108,164,7286
109,164,7265
110,164,7249
111,164,7227
112,164,7209
105,165,7314
106,165,7305
107,165,7290
108,165,7279
109,165,7259
110,165,7243
111,165,7223
112,165,7205
113,165,7181
106,166,7301
107,166,7286
108,166,7276
109,166,7257
110,166,7243
111,166,7222
112,166,7206
113,166,7183
106,167,7292
107,167,7278
108,167,7268
109,167,7250
110,167,7237
111,167,7218
112,167,7202
113,167,7180
107,168,7273
108,168,7265
109,168,7247
110,168,7236
111,168,7216
112,168,7202
113,168,7181
107,169,7265
108,169,7256
109,169,7240
110,169,7229
111,169,7212
112,169,7197
113,169,7177
107,170,7260
108,170,7252
109,170,7237
110,170,7227
111,170,7209
112,170,7197
113,170,7177
114,170,7163
107,171,7251
108,171,7243
109,171,7229
110,171,7220
111,171,7204
112,171,7192
113,171,7173
114,171,7159
108,172,7239
109,172,7225
110,172,7217
111,172,7201
112,172,7191
113,172,7172
114,172,7159
115,172,7139
109,173,7218
110,173,7210
111,173,7195
112,173,7185
113,173,7168
114,173,7155
115,173,7135
116,173,7119
110,174,7207
111,174,7192
112,174,7183
113,174,7166
114,174,7154
115,174,7135
116,174,7120
117,174,7098
111,175,7185
112,175,7176
113,175,7160
114,175,7149
115,175,7131
116,175,7116
117,175,7095
118,175,7078
112,176,7174
113,176,7158
114,176,7147
115,176,7129
116,176,7116
117,176,7095
118,176,7079
113,177,7152
114,177,7141
115,177,7124
116,177,7111
117,177,7092
118,177,7076
